timestamp,open,high,low,close,volume
2026-04-24 13:30:00+00:00,272.760009765625,273.05999755859375,270.1000061035156,270.44500732421875,1969233
2026-04-24 13:35:00+00:00,270.4200134277344,271.5400085449219,270.3999938964844,271.17999267578125,618425
2026-04-24 13:40:00+00:00,271.17999267578125,271.79998779296875,270.7900085449219,271.2974853515625,624894
2026-04-24 13:45:00+00:00,271.32000732421875,271.75,271.0799865722656,271.7200012207031,441361
2026-04-24 13:50:00+00:00,271.7170104980469,272.07000732421875,271.5799865722656,271.968994140625,392839
2026-04-24 13:55:00+00:00,271.9599914550781,271.9599914550781,271.30999755859375,271.6400146484375,397666
2026-04-24 14:00:00+00:00,271.6400146484375,271.69000244140625,271.1600036621094,271.6600036621094,580615
2026-04-24 14:05:00+00:00,271.6400146484375,271.79998779296875,270.9100036621094,271.17999267578125,370569
2026-04-24 14:10:00+00:00,271.1199951171875,271.6300048828125,271.0450134277344,271.54998779296875,274160
2026-04-24 14:15:00+00:00,271.5799865722656,272.2699890136719,271.4902038574219,272.2699890136719,332959
2026-04-24 14:20:00+00:00,272.2650146484375,272.3999938964844,271.9700012207031,272.30499267578125,345856
2026-04-24 14:25:00+00:00,272.28900146484375,272.3900146484375,272.0,272.07000732421875,330464
2026-04-24 14:30:00+00:00,272.1000061035156,272.3699951171875,272.0899963378906,272.239990234375,225324
2026-04-24 14:35:00+00:00,272.19000244140625,272.5899963378906,272.0,272.25,217720
2026-04-24 14:40:00+00:00,272.25,272.29998779296875,271.8599853515625,271.8800048828125,207996
2026-04-24 14:45:00+00:00,271.87921142578125,272.1199951171875,271.6099853515625,272.010009765625,223366
2026-04-24 14:50:00+00:00,272.010009765625,272.1299133300781,271.7300109863281,271.864501953125,166277
2026-04-24 14:55:00+00:00,271.8399963378906,271.8999938964844,271.2799987792969,271.4549865722656,237512
2026-04-24 15:00:00+00:00,271.510009765625,271.6300048828125,271.1000061035156,271.1199951171875,211893
2026-04-24 15:05:00+00:00,271.0899963378906,271.23760986328125,270.7099914550781,270.739990234375,250004
2026-04-24 15:10:00+00:00,270.70001220703125,271.1600036621094,270.6860046386719,271.0299987792969,265893
2026-04-24 15:15:00+00:00,271.0400085449219,271.1700134277344,270.92999267578125,270.9800109863281,269595
2026-04-24 15:20:00+00:00,270.9800109863281,271.2298889160156,270.92999267578125,270.92999267578125,218373
2026-04-24 15:25:00+00:00,270.8999938964844,271.0150146484375,270.5700988769531,270.67999267578125,263106
2026-04-24 15:30:00+00:00,270.69000244140625,270.69000244140625,270.3999938964844,270.4599914550781,285376
2026-04-24 15:35:00+00:00,270.44000244140625,270.44500732421875,269.90240478515625,269.9599914550781,390722
2026-04-24 15:40:00+00:00,269.9502868652344,270.6300048828125,269.79998779296875,270.42999267578125,558576
2026-04-24 15:45:00+00:00,270.489990234375,270.70001220703125,269.9200134277344,270.5,478819
2026-04-24 15:50:00+00:00,270.5299987792969,271.139892578125,270.42999267578125,270.9750061035156,399385
2026-04-24 15:55:00+00:00,270.9549865722656,271.17999267578125,270.6400146484375,271.0321044921875,285560
2026-04-24 16:00:00+00:00,271.0299987792969,271.1484069824219,270.7300109863281,270.8800048828125,164315
2026-04-24 16:05:00+00:00,270.8900146484375,271.1400146484375,270.8645935058594,271.1199951171875,187727
2026-04-24 16:10:00+00:00,271.1199951171875,271.67999267578125,271.1000061035156,271.6000061035156,286143
2026-04-24 16:15:00+00:00,271.57000732421875,271.6000061035156,271.1300048828125,271.2099914550781,220965
2026-04-24 16:20:00+00:00,271.20001220703125,271.260009765625,271.0199890136719,271.0299987792969,150034
2026-04-24 16:25:00+00:00,271.0400085449219,271.1400146484375,270.9800109863281,270.989990234375,135296
2026-04-24 16:30:00+00:00,271.0,271.1520080566406,270.8700866699219,270.9200134277344,152439
2026-04-24 16:35:00+00:00,270.8999938964844,270.92999267578125,270.489990234375,270.5400085449219,208207
2026-04-24 16:40:00+00:00,270.54998779296875,270.57000732421875,270.3500061035156,270.44000244140625,146958
2026-04-24 16:45:00+00:00,270.3999938964844,270.44000244140625,270.0610046386719,270.30999755859375,215357
2026-04-24 16:50:00+00:00,270.2900085449219,270.57000732421875,270.2300109863281,270.5299987792969,226971
2026-04-24 16:55:00+00:00,270.5201110839844,270.5799865722656,270.4100036621094,270.4750061035156,652644
2026-04-24 17:00:00+00:00,270.4700927734375,270.6000061035156,270.2200927734375,270.2650146484375,177029
2026-04-24 17:05:00+00:00,270.25,270.2749938964844,269.7799987792969,269.7799987792969,368297
2026-04-24 17:10:00+00:00,269.7850036621094,269.9800109863281,269.7799987792969,269.9549865722656,198452
2026-04-24 17:15:00+00:00,269.95001220703125,270.0799865722656,269.739013671875,269.8092956542969,303391
2026-04-24 17:20:00+00:00,269.7900085449219,270.07000732421875,269.6499938964844,269.989990234375,263165
2026-04-24 17:25:00+00:00,269.989990234375,270.25,269.80029296875,270.06500244140625,463127
2026-04-24 17:30:00+00:00,270.04998779296875,270.1400146484375,269.8699951171875,270.1050109863281,380971
2026-04-24 17:35:00+00:00,270.0899963378906,270.1700134277344,269.8500061035156,270.1400146484375,242364
2026-04-24 17:40:00+00:00,270.1600036621094,270.1700134277344,269.9649963378906,270.0199890136719,190640
2026-04-24 17:45:00+00:00,270.0299987792969,270.114990234375,269.9649963378906,269.9700012207031,152642
2026-04-24 17:50:00+00:00,269.9750061035156,270.29998779296875,269.9049987792969,269.9400939941406,322883
2026-04-24 17:55:00+00:00,269.94000244140625,269.9700012207031,269.760009765625,269.8055114746094,283709
2026-04-24 18:00:00+00:00,269.8030090332031,269.9849853515625,269.7200012207031,269.94000244140625,253202
2026-04-24 18:05:00+00:00,269.92999267578125,270.0799865722656,269.80999755859375,269.9100036621094,364575
2026-04-24 18:10:00+00:00,269.9150085449219,270.1700134277344,269.9100036621094,270.1600036621094,277886
2026-04-24 18:15:00+00:00,270.1700134277344,270.2200012207031,270.0199890136719,270.0799865722656,194516
2026-04-24 18:20:00+00:00,270.0700988769531,270.1098937988281,269.9849853515625,270.0299987792969,156790
2026-04-24 18:25:00+00:00,270.010009765625,270.04998779296875,269.8999938964844,269.9599914550781,185838
2026-04-24 18:30:00+00:00,269.9700012207031,270.05999755859375,269.8599853515625,269.95001220703125,185507
2026-04-24 18:35:00+00:00,269.94000244140625,270.239990234375,269.9100036621094,270.2200012207031,216068
2026-04-24 18:40:00+00:00,270.2099914550781,270.3800048828125,270.2049865722656,270.3299865722656,220627
2026-04-24 18:45:00+00:00,270.30999755859375,270.30999755859375,269.989990234375,269.9997863769531,192233
2026-04-24 18:50:00+00:00,270.0,270.1300048828125,269.9700012207031,269.989990234375,172401
2026-04-24 18:55:00+00:00,270.0199890136719,270.239990234375,270.0150146484375,270.1099853515625,193455
2026-04-24 19:00:00+00:00,270.1199951171875,270.2049865722656,269.8999938964844,270.1000061035156,1218500
2026-04-24 19:05:00+00:00,270.0799865722656,270.3800048828125,270.0400085449219,270.239990234375,380193
2026-04-24 19:10:00+00:00,270.25,270.3299865722656,270.17999267578125,270.2099914550781,189455
2026-04-24 19:15:00+00:00,270.2200012207031,270.30999755859375,270.1400146484375,270.2099914550781,203149
2026-04-24 19:20:00+00:00,270.1900939941406,270.239990234375,269.9800109863281,270.0599060058594,210204
2026-04-24 19:25:00+00:00,270.0400085449219,270.1600036621094,269.9200134277344,270.0899963378906,241326
2026-04-24 19:30:00+00:00,270.0899963378906,270.19989013671875,270.0,270.1075134277344,269518
2026-04-24 19:35:00+00:00,270.1099853515625,270.3599853515625,270.0199890136719,270.20001220703125,325276
2026-04-24 19:40:00+00:00,270.1839904785156,270.5299987792969,270.1600036621094,270.5,333049
2026-04-24 19:45:00+00:00,270.489990234375,270.79998779296875,270.4700012207031,270.79998779296875,392502
2026-04-24 19:50:00+00:00,270.79998779296875,271.2200012207031,270.79998779296875,271.18499755859375,753243
2026-04-24 19:55:00+00:00,271.1700134277344,271.4800109863281,270.8900146484375,271.05999755859375,2670726
2026-04-27 13:30:00+00:00,266.0899963378906,267.8800048828125,265.07000732421875,266.1499938964844,4317221
2026-04-27 13:35:00+00:00,266.17999267578125,267.25,266.10198974609375,267.19989013671875,1185064
2026-04-27 13:40:00+00:00,267.1700134277344,267.739990234375,267.0299987792969,267.4849853515625,719882
2026-04-27 13:45:00+00:00,267.4949951171875,268.1199951171875,267.30999755859375,267.9700012207031,745855
2026-04-27 13:50:00+00:00,267.9798889160156,268.239990234375,267.4200134277344,267.9100036621094,635578
2026-04-27 13:55:00+00:00,267.8699951171875,268.3599853515625,267.6300048828125,268.1300048828125,499868
2026-04-27 14:00:00+00:00,268.1199951171875,268.20001220703125,267.2449951171875,267.2580871582031,465820
2026-04-27 14:05:00+00:00,267.260009765625,267.5299987792969,267.1099853515625,267.489990234375,388711
2026-04-27 14:10:00+00:00,267.4849853515625,268.0,267.1300048828125,267.3900146484375,378390
2026-04-27 14:15:00+00:00,267.385009765625,267.7398986816406,267.31500244140625,267.6600036621094,295329
2026-04-27 14:20:00+00:00,267.6400146484375,267.64910888671875,267.31500244140625,267.42999267578125,363241
2026-04-27 14:25:00+00:00,267.42999267578125,267.45001220703125,267.17999267578125,267.3599853515625,224108
2026-04-27 14:30:00+00:00,267.3900146484375,267.79998779296875,267.3800048828125,267.55999755859375,325551
2026-04-27 14:35:00+00:00,267.5,267.69000244140625,267.1499938964844,267.3699951171875,396091
2026-04-27 14:40:00+00:00,267.3800048828125,267.44000244140625,267.04998779296875,267.18499755859375,270145
2026-04-27 14:45:00+00:00,267.18499755859375,267.30999755859375,267.0,267.0849914550781,268131
2026-04-27 14:50:00+00:00,267.0799865722656,267.1300048828125,266.6700134277344,266.7900085449219,350741
2026-04-27 14:55:00+00:00,266.79998779296875,267.19500732421875,266.7799987792969,267.1600036621094,208688
2026-04-27 15:00:00+00:00,267.17999267578125,267.3399963378906,267.0,267.2099914550781,244079
2026-04-27 15:05:00+00:00,267.2149963378906,267.55560302734375,267.0199890136719,267.0799865722656,301207
2026-04-27 15:10:00+00:00,267.07000732421875,267.0934143066406,266.75,266.8900146484375,241548
2026-04-27 15:15:00+00:00,266.8900146484375,267.05999755859375,266.6199951171875,266.7900085449219,257752
2026-04-27 15:20:00+00:00,266.7449951171875,267.010009765625,266.739990234375,266.9949951171875,189657
2026-04-27 15:25:00+00:00,267.010009765625,267.20001220703125,266.8999938964844,267.1099853515625,198097
2026-04-27 15:30:00+00:00,267.1400146484375,267.25,266.8550109863281,267.0,229425
2026-04-27 15:35:00+00:00,267.0199890136719,267.3500061035156,266.9801025390625,267.260009765625,203213
2026-04-27 15:40:00+00:00,267.2598876953125,267.6400146484375,267.2200012207031,267.6400146484375,213080
2026-04-27 15:45:00+00:00,267.6199951171875,267.6300048828125,267.0006103515625,267.0299987792969,257397
2026-04-27 15:50:00+00:00,267.0400085449219,267.05999755859375,266.8800048828125,267.0299987792969,181728
2026-04-27 15:55:00+00:00,267.0400085449219,267.04998779296875,266.6700134277344,266.7900085449219,241851
2026-04-27 16:00:00+00:00,266.7950134277344,266.989990234375,266.6600036621094,266.8800048828125,343286
2026-04-27 16:05:00+00:00,266.8599853515625,266.8900146484375,266.6700134277344,266.81500244140625,227634
2026-04-27 16:10:00+00:00,266.81500244140625,267.04998779296875,266.79998779296875,266.8450012207031,155822
2026-04-27 16:15:00+00:00,266.8399963378906,266.8599853515625,266.6300048828125,266.7099914550781,168576
2026-04-27 16:20:00+00:00,266.70001220703125,266.70001220703125,266.3699951171875,266.3900146484375,272932
2026-04-27 16:25:00+00:00,266.3900146484375,266.4800109863281,266.260009765625,266.2950134277344,184760
2026-04-27 16:30:00+00:00,266.2900085449219,266.510009765625,266.2900085449219,266.44000244140625,216459
2026-04-27 16:35:00+00:00,266.45001220703125,266.4800109863281,266.32000732421875,266.4100036621094,157839
2026-04-27 16:40:00+00:00,266.4200134277344,266.6400146484375,266.364990234375,266.5851135253906,144101
2026-04-27 16:45:00+00:00,266.57000732421875,266.67498779296875,266.4750061035156,266.5199890136719,180021
2026-04-27 16:50:00+00:00,266.5150146484375,266.55999755859375,266.42999267578125,266.4700012207031,229902
2026-04-27 16:55:00+00:00,266.4700012207031,266.54998779296875,266.3399963378906,266.4200134277344,253649
2026-04-27 17:00:00+00:00,266.4200134277344,266.6499938964844,266.3699951171875,266.54998779296875,743309
2026-04-27 17:05:00+00:00,266.54998779296875,266.6700134277344,266.4700012207031,266.6050109863281,149860
2026-04-27 17:10:00+00:00,266.5899963378906,266.6000061035156,266.3900146484375,266.4495849609375,179448
2026-04-27 17:15:00+00:00,266.42999267578125,266.7900085449219,266.3999938964844,266.739990234375,216068
2026-04-27 17:20:00+00:00,266.7349853515625,267.0299987792969,266.7250061035156,266.7898864746094,320243
2026-04-27 17:25:00+00:00,266.7699890136719,266.9200134277344,266.7099914550781,266.8399963378906,159744
2026-04-27 17:30:00+00:00,266.8299865722656,267.04998779296875,266.79998779296875,266.9700012207031,202496
2026-04-27 17:35:00+00:00,266.94000244140625,266.989990234375,266.75,266.8900146484375,170036
2026-04-27 17:40:00+00:00,266.8999938964844,266.95001220703125,266.7900085449219,266.8599853515625,144464
2026-04-27 17:45:00+00:00,266.8598937988281,266.8758850097656,266.3999938964844,266.5000915527344,259750
2026-04-27 17:50:00+00:00,266.5292053222656,266.5400085449219,266.3500061035156,266.4100036621094,179636
2026-04-27 17:55:00+00:00,266.3999938964844,266.510009765625,266.3800964355469,266.4800109863281,120222
2026-04-27 18:00:00+00:00,266.4800109863281,266.5199890136719,266.20001220703125,266.260009765625,246819
2026-04-27 18:05:00+00:00,266.239990234375,266.42999267578125,266.17999267578125,266.4200134277344,179927
2026-04-27 18:10:00+00:00,266.42999267578125,266.6400146484375,266.3599853515625,266.53009033203125,204221
2026-04-27 18:15:00+00:00,266.54998779296875,266.5899963378906,266.260009765625,266.2900085449219,236582
2026-04-27 18:20:00+00:00,266.2699890136719,266.3064880371094,266.1099853515625,266.114990234375,262199
2026-04-27 18:25:00+00:00,266.1099853515625,266.4049987792969,266.0899963378906,266.34991455078125,352316
2026-04-27 18:30:00+00:00,266.3500061035156,266.3500061035156,266.1300048828125,266.2900085449219,281044
2026-04-27 18:35:00+00:00,266.2900085449219,266.3999938964844,266.1700134277344,266.3700866699219,212650
2026-04-27 18:40:00+00:00,266.3800048828125,266.45001220703125,266.1499938964844,266.17999267578125,194212
2026-04-27 18:45:00+00:00,266.17999267578125,266.3299865722656,266.1499938964844,266.1650085449219,141106
2026-04-27 18:50:00+00:00,266.17999267578125,266.4949951171875,266.1600036621094,266.4949951171875,170216
2026-04-27 18:55:00+00:00,266.489990234375,266.5150146484375,266.3550109863281,266.4200134277344,234209
2026-04-27 19:00:00+00:00,266.44000244140625,266.5899963378906,266.364990234375,266.3800048828125,238892
2026-04-27 19:05:00+00:00,266.3599853515625,266.47698974609375,266.30999755859375,266.4599914550781,249784
2026-04-27 19:10:00+00:00,266.45001220703125,266.7300109863281,266.42999267578125,266.6300964355469,189014
2026-04-27 19:15:00+00:00,266.6400146484375,266.8810119628906,266.6400146484375,266.67999267578125,256207
2026-04-27 19:20:00+00:00,266.67999267578125,266.82501220703125,266.6499938964844,266.74609375,179740
2026-04-27 19:25:00+00:00,266.739990234375,267.2149963378906,266.739990234375,267.1499938964844,366282
2026-04-27 19:30:00+00:00,267.1600036621094,267.6000061035156,267.04998779296875,267.44000244140625,513729
2026-04-27 19:35:00+00:00,267.4302062988281,267.489990234375,267.3450012207031,267.3949890136719,327269
2026-04-27 19:40:00+00:00,267.3949890136719,267.7300109863281,267.3399963378906,267.70001220703125,558747
2026-04-27 19:45:00+00:00,267.7099914550781,267.82000732421875,267.54998779296875,267.5870056152344,401020
2026-04-27 19:50:00+00:00,267.5799865722656,267.9599914550781,267.5299987792969,267.5400085449219,793883
2026-04-27 19:55:00+00:00,267.5400085449219,267.885009765625,267.42999267578125,267.67999267578125,1483247
2026-04-28 13:30:00+00:00,272.3349914550781,273.2200012207031,269.0199890136719,269.12188720703125,3536461
2026-04-28 13:35:00+00:00,269.1205139160156,270.04998779296875,268.6600036621094,269.8500061035156,873165
2026-04-28 13:40:00+00:00,269.8240051269531,269.94000244140625,269.4100036621094,269.75,593204
2026-04-28 13:45:00+00:00,269.760009765625,270.44000244140625,269.5299987792969,270.43218994140625,653573
2026-04-28 13:50:00+00:00,270.44000244140625,270.6000061035156,270.0434875488281,270.0950012207031,455725
2026-04-28 13:55:00+00:00,270.0799865722656,270.0799865722656,269.60009765625,269.9049987792969,362751
2026-04-28 14:00:00+00:00,269.8500061035156,270.260009765625,269.6600036621094,269.7500915527344,372954
2026-04-28 14:05:00+00:00,269.7650146484375,270.30999755859375,269.70001220703125,270.2250061035156,348031
2026-04-28 14:10:00+00:00,270.2200012207031,270.44000244140625,269.9800109863281,270.2950134277344,321551
2026-04-28 14:15:00+00:00,270.3299865722656,270.7699890136719,270.25,270.7200012207031,509005
2026-04-28 14:20:00+00:00,270.7099914550781,270.9049987792969,270.5,270.7900085449219,375281
2026-04-28 14:25:00+00:00,270.7699890136719,271.3999938964844,270.6400146484375,271.2799072265625,693435
2026-04-28 14:30:00+00:00,271.2799987792969,271.65399169921875,271.20001220703125,271.44500732421875,560235
2026-04-28 14:35:00+00:00,271.4100036621094,271.5299987792969,270.6419982910156,271.05999755859375,607917
2026-04-28 14:40:00+00:00,271.0150146484375,271.3299865722656,270.80999755859375,271.2349853515625,433016
2026-04-28 14:45:00+00:00,271.2550048828125,271.74951171875,271.25,271.3900146484375,455407
2026-04-28 14:50:00+00:00,271.3699951171875,271.5400085449219,271.1400146484375,271.4849853515625,483622
2026-04-28 14:55:00+00:00,271.4849853515625,271.4849853515625,270.9200134277344,271.1300048828125,435079
2026-04-28 15:00:00+00:00,271.1700134277344,271.67999267578125,271.0849914550781,271.5400085449219,404574
2026-04-28 15:05:00+00:00,271.5249938964844,271.8299865722656,271.3699951171875,271.65020751953125,535684
2026-04-28 15:10:00+00:00,271.67999267578125,271.75,271.210693359375,271.55499267578125,485542
2026-04-28 15:15:00+00:00,271.5400085449219,271.6000061035156,270.92498779296875,270.9750061035156,321017
2026-04-28 15:20:00+00:00,270.989990234375,271.260009765625,270.7601013183594,271.2200012207031,313876
2026-04-28 15:25:00+00:00,271.2099914550781,271.239990234375,270.2900085449219,270.32501220703125,304886
2026-04-28 15:30:00+00:00,270.32501220703125,270.56500244140625,270.20001220703125,270.2300109863281,229305
2026-04-28 15:35:00+00:00,270.2002868652344,270.3797912597656,269.9599914550781,270.1700134277344,238326
2026-04-28 15:40:00+00:00,270.1600036621094,270.3900146484375,269.8900146484375,269.92999267578125,692127
2026-04-28 15:45:00+00:00,269.92999267578125,270.14990234375,269.75,269.79010009765625,216412
2026-04-28 15:50:00+00:00,269.79998779296875,269.8949890136719,269.4800109863281,269.68499755859375,231952
2026-04-28 15:55:00+00:00,269.6700134277344,269.7499084472656,269.5400085449219,269.6400146484375,157931
2026-04-28 16:00:00+00:00,269.6650085449219,270.04998779296875,269.6650085449219,269.9949951171875,229323
2026-04-28 16:05:00+00:00,269.989990234375,270.1700134277344,269.85009765625,269.94000244140625,160359
2026-04-28 16:10:00+00:00,269.94500732421875,269.9649963378906,269.81500244140625,269.8699951171875,115092
2026-04-28 16:15:00+00:00,269.8699951171875,269.8699951171875,269.6300048828125,269.6700134277344,132390
2026-04-28 16:20:00+00:00,269.6506042480469,269.70001220703125,269.37451171875,269.3900146484375,190090
2026-04-28 16:25:00+00:00,269.385009765625,269.6098937988281,269.331298828125,269.5159912109375,125906
2026-04-28 16:30:00+00:00,269.4949951171875,269.70001220703125,269.4800109863281,269.57000732421875,184342
2026-04-28 16:35:00+00:00,269.55999755859375,269.84100341796875,269.489990234375,269.79998779296875,136325
2026-04-28 16:40:00+00:00,269.79998779296875,269.8699951171875,269.440185546875,269.6549987792969,166428
2026-04-28 16:45:00+00:00,269.6650085449219,269.8599853515625,269.5299987792969,269.81500244140625,185348
2026-04-28 16:50:00+00:00,269.82000732421875,270.1099853515625,269.7950134277344,269.91900634765625,158472
2026-04-28 16:55:00+00:00,269.94500732421875,270.0799865722656,269.8599853515625,269.94000244140625,138727
2026-04-28 17:00:00+00:00,269.93499755859375,270.1300048828125,269.9200134277344,269.9750061035156,196901
2026-04-28 17:05:00+00:00,269.9501037597656,270.0098876953125,269.7200012207031,269.8599853515625,171724
2026-04-28 17:10:00+00:00,269.8349914550781,269.8800048828125,269.6400146484375,269.70001220703125,135683
2026-04-28 17:15:00+00:00,269.7117919921875,269.7499084472656,269.510009765625,269.5950012207031,127934
2026-04-28 17:20:00+00:00,269.6199951171875,269.81500244140625,269.60009765625,269.69000244140625,121310
2026-04-28 17:25:00+00:00,269.67999267578125,269.95001220703125,269.65509033203125,269.8699951171875,132036
2026-04-28 17:30:00+00:00,269.8699951171875,269.98199462890625,269.7900085449219,269.9549865722656,118130
2026-04-28 17:35:00+00:00,269.9599914550781,270.0899963378906,269.8700866699219,270.0010070800781,133523
2026-04-28 17:40:00+00:00,270.0,270.1199951171875,269.9700927734375,270.07000732421875,109652
2026-04-28 17:45:00+00:00,270.07000732421875,270.45001220703125,270.0502014160156,270.32000732421875,191551
2026-04-28 17:50:00+00:00,270.31500244140625,270.54998779296875,270.239990234375,270.5299987792969,180340
2026-04-28 17:55:00+00:00,270.5400085449219,270.64990234375,270.5,270.5199890136719,128178
2026-04-28 18:00:00+00:00,270.5400085449219,270.57000732421875,270.2699890136719,270.3949890136719,246366
2026-04-28 18:05:00+00:00,270.3800964355469,270.9150085449219,270.1200866699219,270.3800048828125,860934
2026-04-28 18:10:00+00:00,270.375,270.6000061035156,270.29998779296875,270.5199890136719,232383
2026-04-28 18:15:00+00:00,270.5199890136719,270.69000244140625,270.45001220703125,270.6199951171875,171800
2026-04-28 18:20:00+00:00,270.6300048828125,270.739990234375,270.45001220703125,270.590087890625,224287
2026-04-28 18:25:00+00:00,270.6099853515625,270.69000244140625,270.4800109863281,270.5,168174
2026-04-28 18:30:00+00:00,270.5,270.5400085449219,270.19000244140625,270.5,256811
2026-04-28 18:35:00+00:00,270.4849853515625,270.5050048828125,270.29998779296875,270.3699951171875,157724
2026-04-28 18:40:00+00:00,270.3699951171875,270.3949890136719,270.17999267578125,270.2300109863281,178574
2026-04-28 18:45:00+00:00,270.2250061035156,270.2900085449219,270.17999267578125,270.2101135253906,145265
2026-04-28 18:50:00+00:00,270.2099914550781,270.260009765625,270.0299987792969,270.06500244140625,145620
2026-04-28 18:55:00+00:00,270.05999755859375,270.1700134277344,269.8900146484375,270.0600891113281,222209
2026-04-28 19:00:00+00:00,270.06500244140625,270.1549987792969,270.0199890136719,270.135009765625,170236
2026-04-28 19:05:00+00:00,270.1300048828125,270.3599853515625,270.0799865722656,270.2250061035156,168568
2026-04-28 19:10:00+00:00,270.2099914550781,270.45001220703125,270.16009521484375,270.45001220703125,180899
2026-04-28 19:15:00+00:00,270.44000244140625,270.5799865722656,270.3710021972656,270.4599914550781,275373
2026-04-28 19:20:00+00:00,270.4400939941406,270.6300048828125,270.2950134277344,270.375,198627
2026-04-28 19:25:00+00:00,270.375,270.37701416015625,270.125,270.2250061035156,200259
2026-04-28 19:30:00+00:00,270.2300109863281,270.4100036621094,270.010009765625,270.0299987792969,229441
2026-04-28 19:35:00+00:00,270.0400085449219,270.42999267578125,269.9949951171875,270.42010498046875,273464
2026-04-28 19:40:00+00:00,270.44000244140625,270.5899963378906,270.3900146484375,270.5400085449219,246317
2026-04-28 19:45:00+00:00,270.54998779296875,270.739990234375,270.5299987792969,270.6099853515625,344468
2026-04-28 19:50:00+00:00,270.625,270.94500732421875,270.5008850097656,270.6099853515625,601081
2026-04-28 19:55:00+00:00,270.6000061035156,270.8500061035156,270.55999755859375,270.760009765625,1420770
2026-04-29 13:30:00+00:00,267.54998779296875,268.64990234375,267.0400085449219,268.19500732421875,1642314
2026-04-29 13:35:00+00:00,268.1199951171875,268.7699890136719,267.7040100097656,268.625,487236
2026-04-29 13:40:00+00:00,268.6195068359375,269.0,268.44000244140625,268.5000915527344,451730
2026-04-29 13:45:00+00:00,268.510009765625,269.4599914550781,268.510009765625,269.3450012207031,450804
2026-04-29 13:50:00+00:00,269.3599853515625,269.55999755859375,268.7799987792969,269.0799865722656,386119
2026-04-29 13:55:00+00:00,269.1199951171875,269.3399963378906,268.8100891113281,269.28118896484375,252056
2026-04-29 14:00:00+00:00,269.2699890136719,269.9700012207031,269.2200012207031,269.8399963378906,412241
2026-04-29 14:05:00+00:00,269.81500244140625,270.3117980957031,269.68011474609375,269.75,607288
2026-04-29 14:10:00+00:00,269.760009765625,269.760009765625,269.20001220703125,269.5050048828125,283962
2026-04-29 14:15:00+00:00,269.5216064453125,269.6789855957031,269.04998779296875,269.6400146484375,232046
2026-04-29 14:20:00+00:00,269.6300048828125,269.6400146484375,269.04998779296875,269.1549987792969,228550
2026-04-29 14:25:00+00:00,269.1600036621094,269.4200134277344,269.05999755859375,269.3999938964844,211984
2026-04-29 14:30:00+00:00,269.4100036621094,269.4150085449219,269.0303955078125,269.2099914550781,199018
2026-04-29 14:35:00+00:00,269.18499755859375,269.364990234375,269.1099853515625,269.260009765625,192266
2026-04-29 14:40:00+00:00,269.2650146484375,269.4700012207031,269.2149963378906,269.3900146484375,194098
2026-04-29 14:45:00+00:00,269.42999267578125,269.70989990234375,269.3800048828125,269.6650085449219,203931
2026-04-29 14:50:00+00:00,269.66009521484375,269.92999267578125,269.6000061035156,269.9100036621094,178856
2026-04-29 14:55:00+00:00,269.9150085449219,269.92999267578125,269.2799987792969,269.32000732421875,180345
2026-04-29 15:00:00+00:00,269.30499267578125,269.4200134277344,268.8399963378906,269.0400085449219,234277
2026-04-29 15:05:00+00:00,269.0249938964844,269.29998779296875,268.8999938964844,269.20001220703125,223594
2026-04-29 15:10:00+00:00,269.20001220703125,269.29998779296875,268.9100036621094,268.9150085449219,254993
2026-04-29 15:15:00+00:00,268.9200134277344,269.1400146484375,268.8500061035156,268.875,203075
2026-04-29 15:20:00+00:00,268.8500061035156,269.06500244140625,268.7300109863281,268.9599914550781,190737
2026-04-29 15:25:00+00:00,268.95001220703125,269.0299987792969,268.8299865722656,268.8399963378906,189727
2026-04-29 15:30:00+00:00,268.8244934082031,268.9150085449219,268.6003112792969,268.77508544921875,242530
2026-04-29 15:35:00+00:00,268.7900085449219,269.1499938964844,268.760009765625,269.07000732421875,252599
2026-04-29 15:40:00+00:00,269.0899963378906,269.2701110839844,269.010009765625,269.0350036621094,182428
2026-04-29 15:45:00+00:00,269.0799865722656,269.260009765625,268.7820129394531,268.7950134277344,280186
2026-04-29 15:50:00+00:00,268.80999755859375,268.8550109863281,268.20001220703125,268.4200134277344,365259
2026-04-29 15:55:00+00:00,268.4599914550781,268.70001220703125,268.385009765625,268.6300048828125,174730
2026-04-29 16:00:00+00:00,268.6499938964844,269.09979248046875,268.6206970214844,269.0350036621094,147583
2026-04-29 16:05:00+00:00,269.0350036621094,269.0350036621094,268.7200012207031,268.7200012207031,143361
2026-04-29 16:10:00+00:00,268.72320556640625,269.0899963378906,268.70001220703125,269.0050048828125,155660
2026-04-29 16:15:00+00:00,268.989990234375,269.0899963378906,268.7200012207031,268.760009765625,130770
2026-04-29 16:20:00+00:00,268.739990234375,270.1466064453125,268.739990234375,269.7550048828125,424778
2026-04-29 16:25:00+00:00,269.75,269.92999267578125,269.4800109863281,269.82501220703125,365392
2026-04-29 16:30:00+00:00,269.8299865722656,270.1499938964844,269.75,269.9599914550781,247778
2026-04-29 16:35:00+00:00,269.9549865722656,270.1099853515625,269.7650146484375,269.948486328125,168113
2026-04-29 16:40:00+00:00,269.95001220703125,270.2298889160156,269.8700866699219,270.20001220703125,168440
2026-04-29 16:45:00+00:00,270.2001953125,270.5,270.0899963378906,270.489990234375,174138
2026-04-29 16:50:00+00:00,270.489990234375,270.8500061035156,270.3500061035156,270.79998779296875,265521
2026-04-29 16:55:00+00:00,270.7850036621094,271.0400085449219,270.625,270.95001220703125,300514
2026-04-29 17:00:00+00:00,270.9700012207031,270.9800109863281,270.30010986328125,270.3299865722656,197157
2026-04-29 17:05:00+00:00,270.3599853515625,270.68499755859375,270.2900085449219,270.3699951171875,108574
2026-04-29 17:10:00+00:00,270.385009765625,270.3999938964844,270.1099853515625,270.135009765625,105659
2026-04-29 17:15:00+00:00,270.135009765625,270.1499938964844,269.9800109863281,270.0050048828125,144624
2026-04-29 17:20:00+00:00,270.0199890136719,270.239990234375,269.9100036621094,270.06329345703125,166382
2026-04-29 17:25:00+00:00,270.0950012207031,270.20989990234375,270.04998779296875,270.20001220703125,116718
2026-04-29 17:30:00+00:00,270.2099914550781,270.4649963378906,270.1400146484375,270.3800048828125,122273
2026-04-29 17:35:00+00:00,270.385009765625,270.5398864746094,270.3399963378906,270.39898681640625,119914
2026-04-29 17:40:00+00:00,270.3999938964844,270.4750061035156,270.2950134277344,270.3599853515625,111269
2026-04-29 17:45:00+00:00,270.3599853515625,270.45001220703125,270.25,270.3999938964844,119883
2026-04-29 17:50:00+00:00,270.3900146484375,270.5899963378906,270.2950134277344,270.3399963378906,146633
2026-04-29 17:55:00+00:00,270.3500061035156,270.4200134277344,270.114990234375,270.1700134277344,127498
2026-04-29 18:00:00+00:00,270.2099914550781,270.2200012207031,269.760009765625,269.80999755859375,160622
2026-04-29 18:05:00+00:00,269.8399963378906,269.9599914550781,269.6400146484375,269.7698059082031,158553
2026-04-29 18:10:00+00:00,269.75,270.1099853515625,269.67999267578125,270.0400085449219,191571
2026-04-29 18:15:00+00:00,270.0199890136719,270.260009765625,269.9200134277344,270.0400085449219,121845
2026-04-29 18:20:00+00:00,270.0400085449219,270.2300109863281,269.875,269.8900146484375,117961
2026-04-29 18:25:00+00:00,269.8951110839844,269.8951110839844,269.7300109863281,269.739990234375,145731
2026-04-29 18:30:00+00:00,269.7349853515625,269.9100036621094,269.63720703125,269.8299865722656,137663
2026-04-29 18:35:00+00:00,269.80999755859375,270.20001220703125,269.6499938964844,269.7401123046875,196147
2026-04-29 18:40:00+00:00,269.739990234375,269.79998779296875,269.48699951171875,269.5097961425781,143182
2026-04-29 18:45:00+00:00,269.5199890136719,269.8949890136719,269.3699951171875,269.8299865722656,184357
2026-04-29 18:50:00+00:00,269.8299865722656,269.9599914550781,269.70001220703125,269.8349914550781,125433
2026-04-29 18:55:00+00:00,269.8399963378906,270.0849914550781,269.7550048828125,270.07501220703125,163549
2026-04-29 19:00:00+00:00,270.07000732421875,270.30999755859375,270.07000732421875,270.2099914550781,130814
2026-04-29 19:05:00+00:00,270.2099914550781,270.3399963378906,270.1499938964844,270.239990234375,165828
2026-04-29 19:10:00+00:00,270.25,270.44500732421875,270.20001220703125,270.260009765625,212894
2026-04-29 19:15:00+00:00,270.260009765625,270.3699951171875,270.2001037597656,270.25,135133
2026-04-29 19:20:00+00:00,270.260009765625,270.364990234375,270.1050109863281,270.2049865722656,151764
2026-04-29 19:25:00+00:00,270.2200927734375,270.30999755859375,270.1499938964844,270.2799987792969,140408
2026-04-29 19:30:00+00:00,270.2699890136719,270.3599853515625,269.7749938964844,269.875,207171
2026-04-29 19:35:00+00:00,269.8800048828125,270.1000061035156,269.8500061035156,269.95001220703125,219594
2026-04-29 19:40:00+00:00,269.95001220703125,269.989990234375,269.7099914550781,269.8599853515625,288956
2026-04-29 19:45:00+00:00,269.8399963378906,269.8999938964844,269.7449951171875,269.79998779296875,276254
2026-04-29 19:50:00+00:00,269.7099914550781,270.0899963378906,269.6099853515625,269.9700012207031,513847
2026-04-29 19:55:00+00:00,269.9859924316406,270.3299865722656,269.75,270.19000244140625,1551656
2026-04-30 13:30:00+00:00,270.5,270.88751220703125,268.75,269.0350036621094,2367257
2026-04-30 13:35:00+00:00,269.05999755859375,269.2650146484375,268.1400146484375,268.8299865722656,988268
2026-04-30 13:40:00+00:00,268.82501220703125,269.4100036621094,268.6199951171875,269.07000732421875,559369
2026-04-30 13:45:00+00:00,269.07000732421875,270.0599060058594,269.0400085449219,269.4684143066406,569624
2026-04-30 13:50:00+00:00,269.456787109375,270.7099914550781,269.4200134277344,270.5880126953125,601865
2026-04-30 13:55:00+00:00,270.54998779296875,270.6199951171875,269.8500061035156,270.6000061035156,677046
2026-04-30 14:00:00+00:00,270.6000061035156,272.20001220703125,270.54949951171875,271.6300048828125,1139951
2026-04-30 14:05:00+00:00,271.6099853515625,271.79998779296875,270.8599853515625,271.4700012207031,737419
2026-04-30 14:10:00+00:00,271.4200134277344,271.69000244140625,271.0101013183594,271.19000244140625,586874
2026-04-30 14:15:00+00:00,271.20001220703125,271.54998779296875,271.0400085449219,271.0400085449219,434257
2026-04-30 14:20:00+00:00,271.0400085449219,271.8699951171875,271.010009765625,271.739990234375,410765
2026-04-30 14:25:00+00:00,271.7349853515625,272.0799865722656,271.5917053222656,271.91900634765625,704724
2026-04-30 14:30:00+00:00,271.8800048828125,272.2099914550781,271.54998779296875,271.6199951171875,434647
2026-04-30 14:35:00+00:00,271.6199951171875,271.7398986816406,270.9200134277344,271.0799865722656,387510
2026-04-30 14:40:00+00:00,271.1099853515625,271.5199890136719,271.1099853515625,271.4700012207031,363410
2026-04-30 14:45:00+00:00,271.4849853515625,271.6400146484375,270.9700012207031,270.989990234375,363663
2026-04-30 14:50:00+00:00,270.9599914550781,271.29998779296875,270.7300109863281,271.2200012207031,352657
2026-04-30 14:55:00+00:00,271.2300109863281,271.2900085449219,270.8399963378906,270.8605041503906,261250
2026-04-30 15:00:00+00:00,270.8599853515625,271.19000244140625,270.760009765625,271.1199951171875,260376
2026-04-30 15:05:00+00:00,271.135009765625,271.4700012207031,271.05999755859375,271.2650146484375,346237
2026-04-30 15:10:00+00:00,271.2749938964844,271.3900146484375,271.1650085449219,271.2900085449219,231767
2026-04-30 15:15:00+00:00,271.2900085449219,271.5799865722656,270.95001220703125,271.1549987792969,396783
2026-04-30 15:20:00+00:00,271.125,271.5899963378906,271.0450134277344,271.4150085449219,378591
2026-04-30 15:25:00+00:00,271.4200134277344,271.6300048828125,271.260009765625,271.5199890136719,345706
2026-04-30 15:30:00+00:00,271.5249938964844,271.6299133300781,271.2300109863281,271.30999755859375,218421
2026-04-30 15:35:00+00:00,271.2900085449219,271.6401062011719,271.2275085449219,271.6401062011719,268109
2026-04-30 15:40:00+00:00,271.6400146484375,271.93499755859375,271.5299987792969,271.6300048828125,344379
2026-04-30 15:45:00+00:00,271.6400146484375,271.6449890136719,271.17999267578125,271.45001220703125,225791
2026-04-30 15:50:00+00:00,271.4599914550781,271.6400146484375,271.3699951171875,271.5799865722656,226936
2026-04-30 15:55:00+00:00,271.6000061035156,271.9800109863281,271.6000061035156,271.9200134277344,250438
2026-04-30 16:00:00+00:00,271.94989013671875,272.0,271.7608947753906,271.875,250956
2026-04-30 16:05:00+00:00,271.8800048828125,272.3500061035156,271.8599853515625,272.1400146484375,250033
2026-04-30 16:10:00+00:00,272.114990234375,272.6199951171875,272.114990234375,272.6000061035156,291961
2026-04-30 16:15:00+00:00,272.6000061035156,272.79998779296875,272.30621337890625,272.30621337890625,1320443
2026-04-30 16:20:00+00:00,272.30999755859375,272.6199035644531,272.30999755859375,272.5450134277344,175965
2026-04-30 16:25:00+00:00,272.5450134277344,273.09991455078125,272.4901123046875,273.05999755859375,400063
2026-04-30 16:30:00+00:00,273.0799865722656,273.760009765625,273.0799865722656,273.4200134277344,963783
2026-04-30 16:35:00+00:00,273.4389953613281,273.5599060058594,272.9941101074219,273.1600036621094,543360
2026-04-30 16:40:00+00:00,273.1600036621094,273.239990234375,272.9200134277344,272.9814147949219,268786
2026-04-30 16:45:00+00:00,272.9700012207031,272.989990234375,272.7799987792969,272.9010009765625,270329
2026-04-30 16:50:00+00:00,272.8900146484375,272.8900146484375,272.0299987792969,272.0899963378906,349530
2026-04-30 16:55:00+00:00,272.0799865722656,272.1000061035156,271.7099914550781,271.9599914550781,305854
2026-04-30 17:00:00+00:00,271.9599914550781,272.1499938964844,271.70001220703125,271.7699890136719,291103
2026-04-30 17:05:00+00:00,271.760009765625,272.239990234375,271.67999267578125,272.19000244140625,304553
2026-04-30 17:10:00+00:00,272.17498779296875,272.5799865722656,272.07000732421875,272.30999755859375,286498
2026-04-30 17:15:00+00:00,272.2900085449219,272.42999267578125,272.19000244140625,272.25,302856
2026-04-30 17:20:00+00:00,272.25,272.5199890136719,272.0201110839844,272.4800109863281,338669
2026-04-30 17:25:00+00:00,272.4849853515625,272.80999755859375,272.44000244140625,272.7850036621094,228697
2026-04-30 17:30:00+00:00,272.80999755859375,273.4339904785156,272.79998779296875,273.3999938964844,396543
2026-04-30 17:35:00+00:00,273.40008544921875,273.6700134277344,273.2049865722656,273.4150085449219,384639
2026-04-30 17:40:00+00:00,273.4100036621094,273.760009765625,273.30999755859375,273.7099914550781,379434
2026-04-30 17:45:00+00:00,273.7250061035156,273.8599853515625,273.5,273.739990234375,392930
2026-04-30 17:50:00+00:00,273.7377014160156,273.7799072265625,273.5899963378906,273.7300109863281,297246
2026-04-30 17:55:00+00:00,273.7499084472656,273.7650146484375,273.5799865722656,273.6199951171875,238923
2026-04-30 18:00:00+00:00,273.614990234375,274.20001220703125,273.57000732421875,274.0950012207031,474250
2026-04-30 18:05:00+00:00,274.0899963378906,274.19000244140625,274.010009765625,274.1300048828125,296760
2026-04-30 18:10:00+00:00,274.1199951171875,274.17999267578125,273.94000244140625,273.9800109863281,314246
2026-04-30 18:15:00+00:00,273.989990234375,274.0198974609375,273.79998779296875,273.989990234375,330778
2026-04-30 18:20:00+00:00,273.989990234375,274.0790100097656,273.6199951171875,273.6499938964844,274908
2026-04-30 18:25:00+00:00,273.6400146484375,273.70001220703125,273.4497985839844,273.6000061035156,267388
2026-04-30 18:30:00+00:00,273.5799865722656,273.67999267578125,273.5,273.6199951171875,261089
2026-04-30 18:35:00+00:00,273.6202087402344,273.92999267578125,273.6200866699219,273.8699951171875,228749
2026-04-30 18:40:00+00:00,273.8599853515625,273.94000244140625,273.6099853515625,273.6300048828125,259250
2026-04-30 18:45:00+00:00,273.6224060058594,273.7268981933594,273.5,273.70001220703125,271184
2026-04-30 18:50:00+00:00,273.69000244140625,273.909912109375,273.45001220703125,273.4599914550781,303964
2026-04-30 18:55:00+00:00,273.4599914550781,273.4599914550781,273.0400085449219,273.0950012207031,432670
2026-04-30 19:00:00+00:00,273.0801086425781,273.7799987792969,272.82000732421875,273.760009765625,453149
2026-04-30 19:05:00+00:00,273.75,274.1700134277344,273.67999267578125,273.95001220703125,484725
2026-04-30 19:10:00+00:00,273.95001220703125,274.25,273.9100036621094,274.2200012207031,361436
2026-04-30 19:15:00+00:00,274.2200012207031,274.3800048828125,274.0899963378906,274.17999267578125,527870
2026-04-30 19:20:00+00:00,274.1499938964844,274.30999755859375,273.989990234375,274.2799987792969,434713
2026-04-30 19:25:00+00:00,274.2900085449219,274.4599914550781,274.25439453125,274.4599914550781,402456
